steps,time,reward,delta,converged
1,0.0013845020000005093,57.0,125.25,False
2,0.0013381209999963062,57.0,0,True
