steps,time,reward,delta,converged
1,0.00671379199999933,1.007421134181226,0.10139218856287091,False
2,0.008959955999999991,1.2569476468113463,4.300194575006602e-06,False
3,0.008994590000000358,1.256952057094939,4.300194649385636e-06,False
4,0.008838281000000059,1.256952057094939,4.300194649385636e-06,True
