steps,time,reward,delta,converged
1,0.0025370980000000154,0.6666666666666666,0.08333333333333331,False
2,0.0022350200000000875,0.6666666666666666,0,True
