steps,time,reward,delta,converged
1,0.014010058000000214,0.6666666666666666,0.08333333333333331,False
2,0.01398807099999999,0.6666666666666666,0,True
