steps,time,reward,delta,converged
1,0.000600542999990239,57.0,100.0,False
2,0.000462303000006159,57.0,0,True
