steps,time,reward,delta,converged
1,0.0008499159999999506,0.6666666666666666,0.3333333333333333,False
2,0.0007550450000053388,0.6666666666666666,0,True
