steps,time,reward,delta,converged
1,0.005129010000004541,0.6666666666666666,0.3333333333333333,False
2,0.004770309999997835,0.6666666666666666,0,True
