steps,time,reward,delta,converged
1,0.005179306999998801,0.6666666666666666,0.3333333333333333,False
2,0.004793199999994613,0.7837037037037036,0.04444444444444444,False
3,0.004939570999994203,0.8035489711934156,0.0044444444444444444,False
4,0.004790188000001194,0.8063429355281206,0.0005004115226337445,False
5,0.004853433999997492,0.806756570165117,5.9259259259259226e-05,False
6,0.004779646999999443,0.8068166583760967,7.29839963420207e-06,True
