steps,time,reward,delta,converged
1,0.005059740000007196,0.6666666666666666,0.3333333333333333,False
2,0.004798017999988247,0.9125925925925924,0.08888888888888888,False
3,0.004714290999999093,1.0009810699588477,0.017777777777777778,False
4,0.004762479999996572,1.028235061728395,0.004846090534979423,False
5,0.0046956189999889375,1.0368903844007518,0.0011588477366255147,False
6,0.0047883810000115545,1.0396194284921427,0.00033580832190214984,False
7,0.004700135999996746,1.04046662949258,8.990404037324926e-05,False
8,0.005074497999999039,1.0407280369534275,2.638798177784533e-05,False
9,0.005042873999997255,1.040808638616987,7.413887700457146e-06,True
