,train,test
0.1,0.6218385500001204,0.002624452999953064
0.2,0.5815754669999933,0.0031259110000974033
0.3,0.6009206359999553,0.0030915760000880255
0.4,0.5540247420001378,0.0030906729998605442
0.5,0.4889362799999617,0.0032003020000956894
0.6,0.4552048120001473,0.003572555999880933
0.7,0.3844617620000008,0.0035138260000167065
0.8,0.3225943830000233,0.0035647250001602515
0.9,0.2621530750000147,0.0035285840001506585
