,train,test
0.1,0.5252953050000002,0.0012092280000004507
0.2,0.422916604000001,0.0011959769999982939
0.3,0.3392491640000017,0.0012682589999997163
0.4,0.18444749000000016,0.0009731049999999186
0.5,0.17166189799999998,0.0011381500000027245
0.6,0.16930729200000272,0.0014721560000019451
0.7,0.09819353600000014,0.0012288050000002215
0.8,0.04645212800000209,0.0008610669999988829
0.9,0.013047315000001447,0.0005607929999982275
