,train,test
0.1,0.028330271999999823,0.00014486599999985472
0.2,0.02389392499999987,0.00015751600000024624
0.3,0.018818178999999713,0.00018522399999998385
0.4,0.016601211000000227,0.0002017889999996747
0.5,0.016458753999999853,0.00021714900000002757
0.6,0.011943499000000024,0.00022016000000002478
0.7,0.00879920500000031,0.00023672599999979838
0.8,0.00599674799999983,0.00023943599999975973
0.9,0.0030753240000001014,0.000234616999999826
