,train,test
0.1,0.002047104999999938,0.0044697769999997305
0.2,0.0014968529999999092,0.007752011000000003
0.3,0.0015992530000001892,0.010446948000000233
0.4,0.0012788000000005795,0.01084299600000005
0.5,0.0011477879999999274,0.012088967000000395
0.6,0.0010809260000002041,0.012647351000000029
0.7,0.0009761170000004427,0.010150588000000127
0.8,0.000917086000000289,0.008779628000000095
0.9,0.0006797580000004189,0.0057729730000000146
