,train,test
0.1,0.10404812799999963,0.002413035000000008
0.2,0.09465259200000009,0.002454296999999883
0.3,0.08819594599999991,0.0024512840000001646
0.4,0.07857512899999985,0.002415143999999536
0.5,0.06852874700000022,0.0024452610000000874
0.6,0.060824926000000445,0.0024359250000003385
0.7,0.049452460000000364,0.002452188000000355
0.8,0.04159865100000015,0.0025172430000006685
0.9,0.03177303300000034,0.002445562999999318
