,train,test
0.1,3.1457160500000327,0.004424601000039274
0.2,2.5060708369999816,0.007265910000000986
0.3,1.909211818000017,0.009078395999949862
0.4,1.3826732520000178,0.010526458000015282
0.5,0.9607619789999831,0.011981749000028685
0.6,0.6098006199999872,0.009940065999956005
0.7,0.3546652410000206,0.008819083000048522
0.8,0.1644827269999496,0.0069141339999987395
0.9,0.04398036399999228,0.00418004400000882
